--*********************************************************
--运动员表Athlete
--*********************************************************
--Sno学号
--Sname运动员姓名
--Ssex性别
--Sdept学院
--Sclass班级
--Iname1项目1
--Iname2项目2
USE Sport
GO
CREATE TABLE Athlete
(
	Sno VARCHAR(11) PRIMARY KEY,
	Skeyword VARCHAR(20),
	Sname VARCHAR(20) NOT NULL,
	Ssex VARCHAR(2),
	Sdept VARCHAR(20),
	Sclass VARCHAR(20),
	Iname1 VARCHAR(20),
	Iname2 VARCHAR(20)
) ;
--插入数据
INSERT INTO Athlete
(Sno,Skeyword,Sname,Ssex,Sdept,Sclass,Iname1,Iname2)
VALUES
('20170609001','609001','刘科君','男','信息科学与工程学院','计科1701','800米','1000米'),
('20170609002','609002','崔宇航','男','信息科学与工程学院','计科1701','800米','1000米'),
('20170609003','609003','刘新宇','男','信息科学与工程学院','计科1702','跳远','跳高'),
('20170609004','609004','史杰川','男','信息科学与工程学院','计科1702','跳远','跳高'),
('20170609005','609005','王策策','男','信息科学与工程学院','计科1703','100米','50米'),
('20170609006','609006','续延广','男','信息科学与工程学院','计科1703','100米','50米'),
('20170609007','609007','杜博林','男','信息科学与工程学院','计科1704','铅球','2500米'),
('20170609008','609008','李亚龙','男','信息科学与工程学院','计科1704','铅球','2500米');
--*********************************************************
--裁判表Referee
--*********************************************************
--Rno裁判号
--Rname裁判姓名
--Rsex性别
--Rsdept学院
--Rphone联系方式
CREATE TABLE Referee
(
	Rno VARCHAR(11) PRIMARY KEY,
	Rkeyword VARCHAR(20),
	Rname VARCHAR(20) NOT NULL,
	Rsex VARCHAR(2),
	Rdept VARCHAR(20),
	Rphone VARCHAR(11)
);
--插入数据
INSERT INTO Referee
(Rno,Rkeyword,Rname,Rsex,Rdept,Rphone)
VALUES
('10170609001','609001','张三','男','信息科学与工程学院','17806030030'),
('10170609002','609002','李四','男','信息科学与工程学院','17806030031'),
('10170609003','609003','王五','男','信息科学与工程学院','17806030032'),
('10170609004','609004','钱六','男','信息科学与工程学院','17806030033'),
('10170609005','609005','刘琪','男','信息科学与工程学院','17806030034'),
('10170609006','609006','李远','男','信息科学与工程学院','17806030035');
--*********************************************************
--运动员编号表Athlete_number
--*********************************************************
--Ano运动员编号
--Sno学号
--Sname运动员姓名
CREATE TABLE Athlete_number
(
	Ano VARCHAR(4) PRIMARY KEY,
	Sno VARCHAR(11),
	Sname VARCHAR(20)
);
--插入数据
INSERT INTO Athlete_number
(Ano,Sno,Sname)
VALUES
('9001','20170609001','刘科君'),
('9002','20170609002','崔宇航'),
('9003','20170609003','刘新宇'),
('9004','20170609004','史杰川'),
('9005','20170609005','王策策'),
('9006','20170609006','续延广'),
('9007','20170609007','杜博林'),
('9008','20170609008','李亚龙');
--*********************************************************
--分组表Groups
--*********************************************************
--Gno组号
--Ano运动员编号
--Ino项目编号
CREATE TABLE Groups
(
	Gno VARCHAR(2) PRIMARY KEY,
	Ino VARCHAR(8),
	Ano VARCHAR(4)
);
--插入数据
INSERT INTO Groups
(Gno,Ino,Ano)
VALUES
('01','001','9001'),
('02','002','9001'),
('03','001','9002'),
('04','002','9002'),
('05','003','9003'),
('06','004','9003'),
('07','003','9004'),
('08','004','9004'),
('09','005','9005'),
('10','006','9005'),
('11','005','9006'),
('12','006','9006'),
('13','007','9007'),
('14','008','9007'),
('15','007','9008'),
('16','008','9008');
--*********************************************************
--项目表Item
--*********************************************************
--Ino项目编号
--Iname项目名称
--First_Time预赛时间
--Last_Time决赛时间
CREATE TABLE Item
(
	Ino VARCHAR(8) PRIMARY KEY,
	Iname VARCHAR(20),
	First_time VARCHAR(30),
	Last_time VARCHAR(30)
);
--插入数据
INSERT INTO Item
(Ino,Iname,First_time,Last_time)
VALUES
('001','800米','2019/6/25 10:00','2019/6/26 10:00'),
('002','1000米','2019/6/25 11:00','2019/6/26 11:00'),
('003','跳远','2019/6/25 12:00','2019/6/26 12:00'),
('004','跳高','2019/6/25 14:00','2019/6/26 14:00'),
('005','100米','2019/6/25 15:00','2019/6/26 15:00'),
('006','50米','2019/6/25 15:30','2019/6/26 15:30'),
('007','铅球','2019/6/25 16:00','2019/6/26 16:00'),
('008','2500米','2019/6/25 16:30','2019/6/26 16:30');
--*********************************************************
--成绩表Grade
--*********************************************************
--Ano运动员编号
--Ino项目编号
--Iname项目名称
--First_grade预赛成绩
--First_rank预赛排名
--Last_grade决赛成绩
--Last_rank决赛排名
CREATE TABLE Grade
(
	Ano VARCHAR(4),
	Ino VARCHAR(8),
	Iname VARCHAR(20),
	First_grade VARCHAR(20),
	First_rank VARCHAR(4),
	Last_grade VARCHAR(20),
	Last_rank VARCHAR(4)
);
--插入数据
INSERT INTO Grade
(Ano,Ino,Iname,First_grade,First_rank,Last_grade,Last_rank)
VALUES
('9001','001','800米','2min45s','5','2min35','2'),
('9001','002','1000米','3min45s','4','3min35s','2'),
('9002','001','800米','2min40s','4','2min30s','1'),
('9002','002','1000米','3min40s','3','3min30s','1'),
('9003','003','跳远','250cm','3','255cm','1'),
('9003','004','跳高','200cm','3','210cm','1'),
('9004','003','跳远','255cm','2','254cm','2'),
('9004','004','跳高','205cm','2','200cm','2'),
('9005','005','100米','12s1','3','12s','2'),
('9005','006','50米','7s5','4','7s6','4'),
('9006','005','100米','12s3','4','12s2','3'),
('9006','006','50米','7s6','5','7s4','2'),
('9007','007','铅球','9米','3','9.5米','2'),
('9007','008','2500米','12min35s','4','12min45s','4'),
('9008','007','铅球','9.2米','1','9.4米','3'),
('9008','008','2500米','12min45s','5','12min30s','2');
--*********************************************************
--用户表Users
--*********************************************************
--Uno用户ID
--Ukeyword密码
CREATE TABLE Users
(
	Uno VARCHAR(11)PRIMARY KEY NOT NULL,
	Ukeyword VARCHAR(6) NULL
);
--插入数据
INSERT INTO Users
(Uno,Ukeyword)
VALUES
('30170609001','609001'),
('30170609002','609002');
--*********************************************************
--班级得分表Class
--*********************************************************
--Cname班级名
--Cdept院系

--Cgrade班级总分
CREATE TABLE Class
(
	Cname VARCHAR(20) PRIMARY KEY,
	Cdept VARCHAR(20),
	Cgrade VARCHAR(2)
);
--插入数据
INSERT INTO Class
(Cname,Cdept,Cgrade)
VALUES
('计科1701','信息科学与工程学院','83'),
('计科1702','信息科学与工程学院','93'),
('计科1703','信息科学与工程学院','88'),
('计科1704','信息科学与工程学院','90');